{
  "0": {
    "precision": 0.999000124984377,
    "recall": 0.999125,
    "f1-score": 0.9990625585900881,
    "support": 8000.0
  },
  "1": {
    "precision": 0.9982495623905977,
    "recall": 0.998,
    "f1-score": 0.9981247655956995,
    "support": 4000.0
  },
  "accuracy": 0.99875,
  "macro avg": {
    "precision": 0.9986248436874874,
    "recall": 0.9985625,
    "f1-score": 0.9985936620928938,
    "support": 12000.0
  },
  "weighted avg": {
    "precision": 0.9987499374531171,
    "recall": 0.99875,
    "f1-score": 0.9987499609252918,
    "support": 12000.0
  }
}