{
  "0": {
    "precision": 0.9988755622188905,
    "recall": 0.999375,
    "f1-score": 0.9991252186953262,
    "support": 8000.0
  },
  "1": {
    "precision": 0.9987487487487487,
    "recall": 0.99775,
    "f1-score": 0.9982491245622811,
    "support": 4000.0
  },
  "accuracy": 0.9988333333333334,
  "macro avg": {
    "precision": 0.9988121554838196,
    "recall": 0.9985625,
    "f1-score": 0.9986871716288037,
    "support": 12000.0
  },
  "weighted avg": {
    "precision": 0.9988332910621767,
    "recall": 0.9988333333333334,
    "f1-score": 0.9988331873176446,
    "support": 12000.0
  }
}