{
  "0": {
    "precision": 0.9988754217168562,
    "recall": 0.99925,
    "f1-score": 0.9990626757482972,
    "support": 8000.0
  },
  "1": {
    "precision": 0.9984988741556167,
    "recall": 0.99775,
    "f1-score": 0.9981242966112293,
    "support": 4000.0
  },
  "accuracy": 0.99875,
  "macro avg": {
    "precision": 0.9986871479362365,
    "recall": 0.9984999999999999,
    "f1-score": 0.9985934861797632,
    "support": 12000.0
  },
  "weighted avg": {
    "precision": 0.9987499058631097,
    "recall": 0.99875,
    "f1-score": 0.9987498827026079,
    "support": 12000.0
  }
}